ID,Name,VIN,License_Plate,Make,Model,Year,Engine_Hours,Odometer_Miles,Fuel_Capacity,Status
212014918171469,538,4V4NC9EH8KN902065,P998969,VOLVO TRUCK,VNL,,0,0,0,Active
212014918171616,1166,3AKJHHDR6LSLJ9925,P1044275,FREIGHTLINER,"NEW CASCADIA 126"" SLEEPERCAB",,0,0,0,Active
212014918171678,939,4V4NC9EH3JN894245,P965983,VOLVO TRUCK,VNL,,0,0,0,Active
212014918986210,121,1XP7DB9X86D640651,P1014744,PETERBILT,387,,0,0,0,Active
278018081960309,1229,3AKJHHDR9MSMR8236,P1075509,FREIGHTLINER,"NEW CASCADIA 126"" SLEEPERCAB",,0,0,0,Active
278018081960328,223,4V4NC9EH6LN265971,P1077245,VOLVO TRUCK,VNL,,0,0,0,Active
278018081960330,1235,3AKJHHDR2MSMR8255,P1075510,FREIGHTLINER,"NEW CASCADIA 126"" SLEEPERCAB",,0,0,0,Active
278018081960344,1644,3AKJHHDR8RSUX0774,P1062092,FREIGHTLINER,CASCADIA,,0,0,0,Active
278018081960461,562,3AKJHHDR6MSMR8257,P1075287,FREIGHTLINER,"NEW CASCADIA 126"" SLEEPERCAB",,0,0,0,Active
278018081960474,504,3AKJHHDR2PSNV2206,P1065217,FREIGHTLINER,CASCADIA,,0,0,0,Active
278018081960623,1631,3AKJHHDR5RSUX0764,P976544,FREIGHTLINER,CASCADIA,,0,0,0,Active
278018081960782,1647,4V4NC9EH3RN641082,P968923,VOLVO TRUCK,VNL,,0,0,0,Active
278018081960985,1633,3AKJHHDR4RSUX0772,P1083212,FREIGHTLINER,CASCADIA,,0,0,0,Active
278018081961084,1640,3AKJHHDR3RSUX0763,P1103258,FREIGHTLINER,CASCADIA,,0,0,0,Active
281474976745688,547,4V4NC9TJ63N349293,P866917,VOLVO TRUCK,VNL,,0,0,0,Active
281474977087147,1206,4V4NC9EH6LN244490,P1065215,VOLVO TRUCK,VNL,,0,0,0,Active
281474977277436,1227,3AKJHHDR5MSMR8234,P1075288,FREIGHTLINER,"NEW CASCADIA 126"" SLEEPERCAB",,0,0,0,Active
281474977591745,1654,4V4NC9EH3RN641079,P1086479,VOLVO TRUCK,VNL,,0,0,0,Active
281474977697220,1537,3AKJHHDR8MSMU3552,,FREIGHTLINER,CASCADIA,,0,0,0,Active
281474977840834,30 FORD,NM0GE9F25K1429951,CJ35723,FORD,TRANSIT CONNECT,,0,0,0,Active
281474977973648,1284,3AKJHHDRXNSMX1757,P1097808,FREIGHTLINER,"NEW CASCADIA 126"" SLEEPERCAB",,0,0,0,Active
281474977973890,1288,4V4NC9EH3NN298056,P1097157,VOLVO TRUCK,VNL,,0,0,0,Active
281474977995777,1638,3AKJHHDRXRSUX0761,P1099725,FREIGHTLINER,CASCADIA,,0,0,0,Active
281474978026844,1642,3AKJHHDR9RSUX0766,P942137,FREIGHTLINER,CASCADIA,,0,0,0,Active
281474978029673,505,3AKJHHDR5PSNV2183,P1097169,FREIGHTLINER,CASCADIA,,0,0,0,Active
281474978105114,1606,4V4NC9EH7PN323883,P1180037,VOLVO TRUCK,VNL,,0,0,0,Active
281474978272626,1344,1FUJHHDR8NLMX1915,P1108747,FREIGHTLINER,"NEW CASCADIA 126"" SLEEPERCAB",,0,0,0,Active
281474978273127,1345,1FUJHHDRXNLMX1916,P1108748,FREIGHTLINER,"NEW CASCADIA 126"" SLEEPERCAB",,0,0,0,Active
281474978598543,1353,3AKJHHDR3NSMX1972,P1149973,FREIGHTLINER,"NEW CASCADIA 126"" SLEEPERCAB",,0,0,0,Active
281474978642463,1358,3AKJHHDR5NSMX1939,P1102233,FREIGHTLINER,"NEW CASCADIA 126"" SLEEPERCAB",,0,0,0,Active
281474978660471,2485,3AKJGLDR6HSHW3578,,FREIGHTLINER,CASCADIA,,0,0,0,Active
281474978666810,1365,3AKJHHDR9NSMX1975,P1119708,FREIGHTLINER,"NEW CASCADIA 126"" SLEEPERCAB",,0,0,0,Active
281474978677340,1944,3AKJHHDR2TSWK9005,,FREIGHTLINER,CASCADIA,,0,0,0,Active
281474978823544,1365A,1FUJGLD5XGLGW1420,,FREIGHTLINER,CASCADIA,,0,0,0,Active
281474978897190,31 FORD,NM0GE9F29K1419410,CY60960,FORD,TRANSIT CONNECT,,0,0,0,Active
281474979301882,5042,4V4NC9EH6NN298018,P1126223,VOLVO TRUCK,VNL,,0,0,0,Active
281474979304509,5048,4V4NC9EH8NN298019,P1126224,VOLVO TRUCK,VNL,,0,0,0,Active
281474979458904,5014,3AKJHHDRXNSNG7478,P1133073,FREIGHTLINER,"NEW CASCADIA 126"" SLEEPERCAB",,0,0,0,Active
281474980002522,5043,4V4NC9EH2NN308608,P1138568,VOLVO TRUCK,VNL,,0,0,0,Active
281474980114586,1437,4V4NC9EH8NN308581,P1172197,VOLVO TRUCK,VNL,,0,0,0,Active
281474980158116,1438,4V4NC9EHXNN308582,P1138563,VOLVO TRUCK,VNL,,0,0,0,Active
281474980224616,5029,4V4NC9EH6NN308580,P1138561,VOLVO TRUCK,VNL,,0,0,0,Active
281474980691606,1450,3AKJHHDR7PSNL7913,P1067788,FREIGHTLINER,"NEW CASCADIA 126"" SLEEPERCAB",,0,0,0,Active
281474980694053,1455,3AKJHHDR6PSNL7885,P1014749,FREIGHTLINER,"NEW CASCADIA 126"" SLEEPERCAB",,0,0,0,Active
281474980702166,5033,3AKJHHDR6PSNL7899,P1037488,FREIGHTLINER,"NEW CASCADIA 126"" SLEEPERCAB",,0,0,0,Active
281474980759919,1453,3AKJHHDR0PSNL7901,P1242593,FREIGHTLINER,"NEW CASCADIA 126"" SLEEPERCAB",,0,0,0,Active
281474980820745,1460,3AKJHHDR3PSNL7911,P1154578,FREIGHTLINER,"NEW CASCADIA 126"" SLEEPERCAB",,0,0,0,Active
281474980847622,1441,4V4NC9EH9NN308606,P1138566,VOLVO TRUCK,VNL,,0,0,0,Active
281474980886250,1451,3AKJHHDRXPSNL7906,P1006969,FREIGHTLINER,"NEW CASCADIA 126"" SLEEPERCAB",,0,0,0,Active
281474980940991,1908,3AKJHHDR2SSWC1903,P1144420,FREIGHTLINER,CASCADIA,,0,0,0,Active
281474980983145,1469,3AKJHHDR8PSNL7886,P1006971,FREIGHTLINER,CASCADIA,,0,0,0,Active
281474980983455,1470,3AKJHHDR1PSNL7888,P1006977,FREIGHTLINER,"NEW CASCADIA 126"" SLEEPERCAB",,0,0,0,Active
281474981030271,5032,3AKJHHDR0PSNL7946,P1004910,FREIGHTLINER,"NEW CASCADIA 126"" SLEEPERCAB",,0,0,0,Active
281474981189295,1481,3AKJHHDR0PSNL7915,P1159685,FREIGHTLINER,CASCADIA,,0,0,0,Active
281474981424002,5034,3AKJHHDR1PSNL7938,P1159686,FREIGHTLINER,CASCADIA,,0,0,0,Active
281474981424011,5027,3AKJHHDR8PSNL7922,P1160811,FREIGHTLINER,CASCADIA,,0,0,0,Active
281474981456670,5046,3AKJHHDR8PSNL7967,P1160813,FREIGHTLINER,CASCADIA,,0,0,0,Active
281474981468084,1494,3AKJHHDR4PSNL7920,P1160814,FREIGHTLINER,CASCADIA,,0,0,0,Active
281474981483803,5017,3AKJHHDR7PSNL7958,P1163139,FREIGHTLINER,CASCADIA,,0,0,0,Active
281474981503871,5023,3AKJHHDR4PSNL7898,P1163141,FREIGHTLINER,CASCADIA,,0,0,0,Active
281474981506463,27,1XKYD49X7NJ133245,,KENWORTH,T680,,0,0,0,Active
281474981535763,1500,3AKJHHDR3PSNL7892,P1163143,FREIGHTLINER,CASCADIA,,0,0,0,Active
281474981540786,1641,3AKJHHDR7RSUX0765,P1075506,FREIGHTLINER,CASCADIA,,0,0,0,Active
281474981577387,1503,3AKJHHDR6PSNL7904,P1177864,FREIGHTLINER,CASCADIA,,0,0,0,Active
281474981577403,1502,3AKJHHDR4PSNL7982,P1163145,FREIGHTLINER,CASCADIA,,0,0,0,Active
281474981577431,5024,3AKJHHDR0PSNL7932,P1138559,FREIGHTLINER,CASCADIA,,0,0,0,Active
281474981597424,5036,3AKJHHDR0PSNL7963,P1163698,FREIGHTLINER,CASCADIA,,0,0,0,Active
281474981601361,1510,3AKJHHDR6PSNL7918,P1163701,FREIGHTLINER,CASCADIA,,0,0,0,Active
281474981626630,5030,3AKJHHDR1PSNL7955,P1163695,FREIGHTLINER,CASCADIA,,0,0,0,Active
281474981626646,1509,3AKJHHDR8PSNL7905,P1163700,FREIGHTLINER,CASCADIA,,0,0,0,Active
281474981645680,1506,3AKJHHDR9PSNL7914,P1163697,FREIGHTLINER,CASCADIA,,0,0,0,Active
281474981650615,1508,3AKJHHDR3PSNL7956,P1163699,FREIGHTLINER,CASCADIA,,0,0,0,Active
281474981823102,1532,4V4NC9EH5PN323851,P1167976,VOLVO TRUCK,VNL,,0,0,0,Active
281474981848876,1531,4V4NC9EH3PN323850,P1167975,VOLVO TRUCK,VNL,,0,0,0,Active
281474981851542,1445,4V4NC9EJ1JN999188,P1045097,VOLVO TRUCK,VNL,,0,0,0,Active
281474982051945,1529,3AKJHHDR5PSNV2104,P1167973,FREIGHTLINER,CASCADIA,,0,0,0,Active
281474982162149,1534,3AKJHHDR5PSNV2099,P1155222,FREIGHTLINER,CASCADIA,,0,0,0,Active
281474982197981,1535,3AKJHHDR3PSNV2103,P1173637,FREIGHTLINER,CASCADIA,,0,0,0,Active
281474982198030,1536,1FUJHHDR8PLNV2111,P1163142,FREIGHTLINER,CASCADIA,,0,0,0,Active
281474982367470,1566,4V4NC9EH0PN323871,P1172640,VOLVO TRUCK,VNL,,0,0,0,Active
281474982459056,1567,4V4NC9EH2PN323869,P1172641,VOLVO TRUCK,VNL,,0,0,0,Active
281474982539333,5026,4V4NC9EH0PN323854,P1172644,VOLVO TRUCK,VNL,,0,0,0,Active
281474982596658,1538,3AKJHHDR6PSNV2094,P1165938,FREIGHTLINER,CASCADIA,,0,0,0,Active
281474982597066,1539,3AKJHHDRXPSNV2101,P1165939,FREIGHTLINER,CASCADIA,,0,0,0,Active
281474982637996,1573,4V4NC9EH0PN323868,P1086797,VOLVO TRUCK,VNL,,0,0,0,Active
281474982767074,1572,4V4NC9EH7PN323852,P1172646,VOLVO TRUCK,VNL,,0,0,0,Active
281474982788989,1569,4V4NC9EH9PN323853,P1172643,VOLVO TRUCK,VNL,,0,0,0,Active
281474982903290,1575,4V4NC9EH2PN323855,P1006975,VOLVO TRUCK,VNL,,0,0,0,Active
281474982931474,1558,1FUJHHDR5PLNV2115,P1172656,FREIGHTLINER,CASCADIA,,0,0,0,Active
281474982931713,5045,1FUJHHDR2PLNV2119,P1172658,FREIGHTLINER,CASCADIA,,0,0,0,Active
281474982943853,1553,3AKJHHDR1PSNV2102,P1172651,FREIGHTLINER,CASCADIA,,0,0,0,Active
281474982980445,1547,3AKJHHDR0PSNV2091,P1165946,FREIGHTLINER,CASCADIA,,0,0,0,Active
281474983109036,1591,4V4NC9EH8PN323875,P1044278,VOLVO TRUCK,VNL,,0,0,0,Active
281474983111952,1595,4V4NC9EH4PN323873,P1177836,VOLVO TRUCK,VNL,,0,0,0,Active
281474983157613,1602,4V4NC9EH1PN323880,P1180036,VOLVO TRUCK,VNL,,0,0,0,Active
281474983170595,1592,4V4NC9EH3PN323878,P1005632,VOLVO TRUCK,VNL,,0,0,0,Active
281474983170709,5028,4V4NC9EH1PN323877,P1177835,VOLVO TRUCK,VNL,,0,0,0,Active
281474983221368,1576,1FUJHHDR4PLNV2140,P1000863,FREIGHTLINER,CASCADIA,,0,0,0,Active
281474983240424,1579,1FUJHHDR1PLNV2144,P1077245,FREIGHTLINER,CASCADIA,,0,0,0,Active
281474983257826,1580,1FUJHHDR7PLNV2147,P1006979,FREIGHTLINER,CASCADIA,,0,0,0,Active
281474983298051,1582,1FUJHHDR7PLNV2150,P990899,FREIGHTLINER,CASCADIA,,0,0,0,Active
281474983298198,1588,1FUJHHDR4PLNV2168,P1044271,FREIGHTLINER,CASCADIA,,0,0,0,Active
281474983298416,1585,1FUJHHDR2PLNV2167,P1014747,FREIGHTLINER,CASCADIA,,0,0,0,Active
281474983299362,1607,4V4NC9EH3PN323881,P1180038,VOLVO TRUCK,VNL,,0,0,0,Active
281474983300325,1561,1FUJHHDR9PLNV2120,P1172659,FREIGHTLINER,CASCADIA,,0,0,0,Active
281474983312883,1577,1FUJHHDR8PLNV2142,P1103265,FREIGHTLINER,CASCADIA,,0,0,0,Active
281474983334243,1590,1FUJHHDR5PLNV2177,P1044276,FREIGHTLINER,CASCADIA,,0,0,0,Active
281474983354048,5035,1FUJHHDR7PLNV2164,P958940,FREIGHTLINER,CASCADIA,,0,0,0,Active
281474983354072,1596,1FUJHHDR8PLNV2139,P1031415,FREIGHTLINER,CASCADIA,,0,0,0,Active
281474983406677,1599,1FUJHHDR6PLNV2141,,FREIGHTLINER,CASCADIA,,0,0,0,Active
281474983411640,1605,1FUJHHDR9PLNV2148,P1062795,FREIGHTLINER,CASCADIA,,0,0,0,Active
281474983412108,5040,4V4NC9EH5PN323882,P1180040,VOLVO TRUCK,VNL,,0,0,0,Active
281474983414451,1600,1FUJHHDR3PLNV2145,,FREIGHTLINER,CASCADIA,,0,0,0,Active
281474983414459,1584,1FUJHHDR9PLNV2165,P1024697,FREIGHTLINER,CASCADIA,,0,0,0,Active
281474983420115,1430,3AKJHHDR6NSMX1951,P1028987,FREIGHTLINER,CASCADIA,,0,0,0,Active
281474983606842,1610,4V4NC9EH6PN323857,P1183078,VOLVO TRUCK,VNL,,0,0,0,Active
281474983630444,1611,4V4NC9EH0PN323885,P1183079,VOLVO TRUCK,VNL,,0,0,0,Active
281474983701259,1618,1FUJHHDR9PLNV2151,P958939,FREIGHTLINER,CASCADIA,,0,0,0,Active
281474983707746,1621,1FUJHHDRXPLNV2160,P1183082,FREIGHTLINER,CASCADIA,,0,0,0,Active
281474983709241,1620,1FUJHHDR8PLNV2156,P1183081,FREIGHTLINER,CASCADIA,,0,0,0,Active
281474983776381,5059,4V4NC9EH4PN323856,P1062089,VOLVO TRUCK,VNL,,0,0,0,Active
281474984082574,1624,4V4NC9EH6PN323874,P1183085,VOLVO TRUCK,VNL,,0,0,0,Active
281474984111463,1623,4V4NC9EH2PN323886,P1183084,VOLVO TRUCK,VNL,,0,0,0,Active
281474984157599,1622,3AKJHHDR5SSWC1913,P1183083,FREIGHTLINER,CASCADIA,,0,0,0,Active
281474984384125,1625,4V4NC9EHXPN323876,P1186020,VOLVO TRUCK,VNL,,0,0,0,Active
281474984425260,1615,1FUJHHDR3PLNV2159,P1108746,FREIGHTLINER,CASCADIA,,0,0,0,Active
281474984437861,550,1FUJHHDR4PLNV2137,P1178231,FREIGHTLINER,CASCADIA,,0,0,0,Active
281474984557023,1542,1FUJHHDR0PLNV2118,P1165942,FREIGHTLINER,CASCADIA,,0,0,0,Active
281474984662204,1555,3AKJHHDR0PSNV2107,P1172653,FREIGHTLINER,CASCADIA,,0,0,0,Active
281474984662225,1551,3AKJHHDRXPSNV2096,P1172660,FREIGHTLINER,CASCADIA,,0,0,0,Active
281474984925510,501,3AKJHHDR7PSNV2203,P1099722,FREIGHTLINER,CASCADIA,,0,0,0,Active
281474984990601,1643,3AKJHHDR2RSUX0771,P1072196,FREIGHTLINER,CASCADIA,,0,0,0,Active
281474985073059,503,3AKJHHDR0PSNV2205,P1097163,FREIGHTLINER,CASCADIA,,0,0,0,Active
281474985239485,1626,3AKJHHDR6RSUX0756,P1032548,FREIGHTLINER,CASCADIA,,0,0,0,Active
281474985288586,1598,,,,,,0,0,0,Active
281474985449244,1645,3AKJHHDRXRSUX0775,P1062796,FREIGHTLINER,CASCADIA,,0,0,0,Active
281474985449660,1639,3AKJHHDR1RSUX0762,P1099734,FREIGHTLINER,CASCADIA,,0,0,0,Active
281474985462400,1636,3AKJHHDR4RSUX0769,P1089958,FREIGHTLINER,CASCADIA,,0,0,0,Active
281474985492603,1630,3AKJHHDR8RSUX0760,P1075505,FREIGHTLINER,CASCADIA,,0,0,0,Active
281474985494897,1637,3AKJHHDR6RSUX0773,P1097807,FREIGHTLINER,CASCADIA,,0,0,0,Active
281474985497922,1629,3AKJHHDR1RSUX0759,P956014,FREIGHTLINER,CASCADIA,,0,0,0,Active
281474985510256,1634,3AKJHHDR2RSUX0768,P1088291,FREIGHTLINER,CASCADIA,,0,0,0,Active
281474985529121,1635,3AKJHHDR0RSUX0767,P1143682,FREIGHTLINER,CASCADIA,,0,0,0,Active
281474985628032,1648,4V4NC9EH5RN641083,P1083214,VOLVO TRUCK,VNL,,0,0,0,Active
281474985693052,1646,4V4NC9EHXRN641080,P1057139,VOLVO TRUCK,VNL,,0,0,0,Active
281474985715348,1649,4V4NC9EH7RN641084,P1081362,VOLVO TRUCK,VNL,,0,0,0,Active
281474985811681,1652,4V4NC9EH1RN641081,P979759,VOLVO TRUCK,VNL,,0,0,0,Active
281474985872350,1656,4V4NC9EH2RN641090,P1083208,VOLVO TRUCK,VNL,,0,0,0,Active
281474985881378,1655,4V4NC9EH6RN641092,P1119715,VOLVO TRUCK,VNL,,0,0,0,Active
281474985981976,1660,3AKJHHDR5RSUX0778,P1065214,FREIGHTLINER,CASCADIA,,0,0,0,Active
281474986001054,1659,3AKJHHDR3RSUX0777,P1062797,FREIGHTLINER,CASCADIA,,0,0,0,Active
281474986002020,1663,3AKJHHDR5RSUX0781,P1207343,FREIGHTLINER,CASCADIA,,0,0,0,Active
281474986002193,1658,3AKJHHDR1RSUX0776,P1062093,FREIGHTLINER,CASCADIA,,0,0,0,Active
281474986002339,1662,3AKJHHDR3RSUX0780,P0961319,FREIGHTLINER,CASCADIA,,0,0,0,Active
281474986002693,1665,3AKJHHDR9RSUX0783,P1059410,FREIGHTLINER,CASCADIA,,0,0,0,Active
281474986026417,1661,3AKJHHDR7RSUX0779,P0961323,FREIGHTLINER,CASCADIA,,0,0,0,Active
281474986027075,1667,3AKJHHDR2RSUX0785,P1088292,FREIGHTLINER,CASCADIA,,0,0,0,Active
281474986052426,1664,3AKJHHDR7RSUX0782,P1079837,FREIGHTLINER,CASCADIA,,0,0,0,Active
281474986052451,1666,3AKJHHDR0RSUX0784,P1083207,FREIGHTLINER,CASCADIA,,0,0,0,Active
281474986098645,5050,4V4NC9EH4RN641091,P1105421,VOLVO TRUCK,VNL,,0,0,0,Active
281474986098882,1653,4V4NC9EH1RN641078,P1079009,VOLVO TRUCK,VNL,,0,0,0,Active
281474986155746,1672,4V4NC9EH9RN641099,P1102234,VOLVO TRUCK,VNL,,0,0,0,Active
281474986160419,1669,4V4NC9EH5RN641097,P1097158,VOLVO TRUCK,VNL,,0,0,0,Active
281474986171086,1671,4V4NC9EH7RN641098,P1099724,VOLVO TRUCK,VNL,,0,0,0,Active
281474986171125,1673,4V4NC9EH1RN641100,P1103261,VOLVO TRUCK,VNL,,0,0,0,Active
281474986250745,1668,4V4NC9EH3RN641096,P1105410,VOLVO TRUCK,VNL,,0,0,0,Active
281474986477751,1657,4V4NC9EHXRN641094,P1103255,VOLVO TRUCK,VNL,,0,0,0,Active
281474986530521,1674,3AKJHHDR5RSUX0800,P1103264,FREIGHTLINER,CASCADIA,,0,0,0,Active
281474986559722,1675,3AKJHHDR7RSUX0801,P1108749,FREIGHTLINER,CASCADIA,,0,0,0,Active
281474986561060,1677,3AKJHHDR0RSUX0803,P1135927,FREIGHTLINER,CASCADIA,,0,0,0,Active
281474986570212,1683,3AKJHHDR4RSUX0805,P1079838,FREIGHTLINER,CASCADIA,,0,0,0,Active
281474986570226,1676,3AKJHHDR9RSUX0802,P945966,FREIGHTLINER,CASCADIA,,0,0,0,Active
281474986607616,1682,3AKJHHDR2RSUX0804,P1099721,FREIGHTLINER,CASCADIA,,0,0,0,Active
281474986607770,1679,3AKJHHDR9RSUX0797,P1099729,FREIGHTLINER,CASCADIA,,0,0,0,Active
281474986610580,5044,3AKJHHDR7RSUX0796,P1088293,FREIGHTLINER,CASCADIA,,0,0,0,Active
281474986624579,1680,3AKJHHDR0RSUX0798,P1099730,FREIGHTLINER,CASCADIA,,0,0,0,Active
281474986723203,1651,4V4NC9EH8RN641093,P930972,VOLVO TRUCK,VNL,,0,0,0,Active
281474986742329,1690,3AKJHHDR1RSUX0812,P933487,FREIGHTLINER,CASCADIA,,0,0,0,Active
281474986759709,1689,3AKJHHDRXRSUX0811,P1103260,FREIGHTLINER,CASCADIA,,0,0,0,Active
281474986780430,1692,3AKJHHDR5RSUX0814,P1097162,FREIGHTLINER,CASCADIA,,0,0,0,Active
281474986780482,5041,3AKJHHDR8RSUX0810,P1045096,FREIGHTLINER,CASCADIA,,0,0,0,Active
281474986916039,1686,3AKJHHDRXRSUX0808,P1075507,FREIGHTLINER,CASCADIA,,0,0,0,Active
281474986916047,5047,3AKJHHDR1RSUX0809,P1099731,FREIGHTLINER,CASCADIA,,0,0,0,Active
281474986985236,1691,3AKJHHDR3RSUX0813,P1079839,FREIGHTLINER,CASCADIA,,0,0,0,Active
281474986985243,1685,3AKJHHDR8RSUX0807,P1014323,FREIGHTLINER,CASCADIA,,0,0,0,Active
281474987019056,1698,4V4NC9EH6RN641108,P1214477,VOLVO TRUCK,VNL,,0,0,0,Active
281474987025837,1697,4V4NC9EH4RN641107,P1083213,VOLVO TRUCK,VNL,,0,0,0,Active
281474987025955,1696,4V4NC9EH2RN641106,P1079011,VOLVO TRUCK,VNL,,0,0,0,Active
281474987038305,1701,3AKJHHDR9RSUX0816,P977759,FREIGHTLINER,CASCADIA,,0,0,0,Active
281474987081814,1710,3AKJHHDRXRSUX0825,P1105419,FREIGHTLINER,CASCADIA,,0,0,0,Active
281474987096255,1706,3AKJHHDR2RSUX0821,P1135730,FREIGHTLINER,CASCADIA,,0,0,0,Active
281474987096280,1699,4V4NC9EH8RN641109,P1056520,VOLVO TRUCK,VNL,,0,0,0,Active
281474987123905,1707,3AKJHHDR4RSUX0822,P1097160,FREIGHTLINER,CASCADIA,,0,0,0,Active
281474987123908,1702,3AKJHHDR0RSUX0817,P1214478,FREIGHTLINER,CASCADIA,,0,0,0,Active
281474987126435,1705,3AKJHHDR0RSUX0820,P1105420,FREIGHTLINER,CASCADIA,,0,0,0,Active
281474987138464,1704,3AKJHHDR4RSUX0819,P1083196,FREIGHTLINER,CASCADIA,,0,0,0,Active
281474987182454,1694,4V4NC9EH9RN641104,P974365,VOLVO TRUCK,VNL,,0,0,0,Active
281474987184034,1695,4V4NC9EH0RN641105,P1089957,VOLVO TRUCK,VNL,,0,0,0,Active
281474987184960,1708,3AKJHHDR6RSUX0823,P1006972,FREIGHTLINER,CASCADIA,,0,0,0,Active
281474987204056,1700,4V4NC9EH4RN641110,P1128204,VOLVO TRUCK,VNL,,0,0,0,Active
281474987223823,5039,3AKJHHDR8RSUX0824,P1105418,FREIGHTLINER,CASCADIA,,0,0,0,Active
281474987238485,1714,3AKJHHDRXRSUX0839,P1214981,FREIGHTLINER,CASCADIA,,0,0,0,Active
281474987337675,1712,3AKJHHDR6RSUX0837,P1214979,FREIGHTLINER,CASCADIA,,0,0,0,Active
281474987362142,1734,3AKJHHDR5RSUX0859,P1222783,FREIGHTLINER,CASCADIA,,0,0,0,Active
281474987411834,1716,3AKJHHDR8RSUX0841,P1214983,FREIGHTLINER,CASCADIA,,0,0,0,Active
281474987475004,1755,4V4NC9EH2RN652591,P1083195,VOLVO TRUCK,VNL,,0,0,0,Active
281474987481411,1752,4V4NC9EH2RN652588,P942136,VOLVO TRUCK,VNL,,0,0,0,Active
281474987481465,1753,4V4NC9EH4RN652589,P968920,VOLVO TRUCK,VNL,,0,0,0,Active
281474987481489,1751,4V4NC9EH0RN652587,P1097803,VOLVO TRUCK,VNL,,0,0,0,Active
281474987502331,02,NM0LS7E26K1421242,,FORD,TRANSIT CONNECT,,0,0,0,Active
281474987513774,1754,4V4NC9EH0RN652590,P1103262,VOLVO TRUCK,VNL,,0,0,0,Active
281474987514711,1922,3AKJHHDR0TSWK8984,,FREIGHTLINER,CASCADIA,,0,0,0,Active
281474987600210,5001,3AKJHHDR4RSUX0853,P1083211,FREIGHTLINER,CASCADIA,,0,0,0,Active
281474987604314,1723,3AKJHHDR0RSUX0848,P1102235,FREIGHTLINER,CASCADIA,,0,0,0,Active
281474987616739,1730,3AKJHHDR8RSUX0855,P1119714,FREIGHTLINER,CASCADIA,,0,0,0,Active
281474987616771,5002,3AKJHHDR9RSUX0847,P1128199,FREIGHTLINER,CASCADIA,,0,0,0,Active
281474987618924,1724,3AKJHHDR2RSUX0849,P1097159,FREIGHTLINER,CASCADIA,,0,0,0,Active
281474987631846,1725,3AKJHHDR9RSUX0850,P1220099,FREIGHTLINER,CASCADIA,,0,0,0,Active
281474987656892,1727,3AKJHHDR2RSUX0852,P1103254,FREIGHTLINER,CASCADIA,,0,0,0,Active
281474987676622,1670,4V4NC9EH1RN641095,P1099723,VOLVO TRUCK,VNL,,0,0,0,Active
281474987794334,1733,3AKJHHDR3RSUX0858,P1222782,FREIGHTLINER,CASCADIA,,0,0,0,Active
281474987829799,1740,3AKJHHDR0RSUX0865,P1222789,FREIGHTLINER,CASCADIA,,0,0,0,Active
281474987840509,1737,3AKJHHDR5RSUX0862,P1222786,FREIGHTLINER,CASCADIA,,0,0,0,Active
281474987841632,1736,3AKJHHDR3RSUX0861,P1222785,FREIGHTLINER,CASCADIA,,0,0,0,Active
281474987842890,1721,3AKJHHDR7RSUX0846,P1102236,FREIGHTLINER,CASCADIA,,0,0,0,Active
281474987898102,1735,3AKJHHDR1RSUX0860,P1222784,FREIGHTLINER,CASCADIA,,0,0,0,Active
281474987904123,1739,3AKJHHDR9RSUX0864,P1222788,FREIGHTLINER,CASCADIA,,0,0,0,Active
281474987904656,1731,3AKJHHDRXRSUX0856,P1222781,FREIGHTLINER,CASCADIA,,0,0,0,Active
281474987957013,1738,3AKJHHDR7RSUX0863,P1222787,FREIGHTLINER,CASCADIA,,0,0,0,Active
281474988098385,01 RAM,3C6TRVDG8KE521671,,RAM,PROMASTER 2500,,0,0,0,Active
281474988147009,1729,3AKJHHDR6RSUX0854,P991282,FREIGHTLINER,CASCADIA,,0,0,0,Active
281474988273274,502,3AKJHHDR9PSNV2204,,FREIGHTLINER,CASCADIA,,0,0,0,Active
281474988325869,1381,1XPBDP9X8ND794329,P1121739,PETERBILT,579,,0,0,0,Active
281474988328332,1275,3AKJHHDR6MSMU3520,P1099733,FREIGHTLINER,CASCADIA,,0,0,0,Active
281474988833418,5008,4V4NC9EH3JN894133,P1021017,VOLVO TRUCK,VNL,,0,0,0,Active
281474988994810,1432,3AKJHHDRXNSMX1953,P1138575,FREIGHTLINER,CASCADIA,,0,0,0,Active
281474989177482,1380,1XPBDP9X6ND794328,P1121738,PETERBILT,579,,0,0,0,Active
281474989283455,1758,3AKJHHDR9RSUX0878,P1097804,FREIGHTLINER,CASCADIA,,0,0,0,Active
281474989286091,1203,4V4NC9EH3MN271275,P1065221,VOLVO TRUCK,VNL,,0,0,0,Active
281474989292564,1763,3AKJHHDR2RSUX0883,P1214978,FREIGHTLINER,CASCADIA,,0,0,0,Active
281474989293388,1761,3AKJHHDR9RSUX0881,P1238329,FREIGHTLINER,CASCADIA,,0,0,0,Active
281474989294377,1764,3AKJHHDR4RSUX0884,P1214980,FREIGHTLINER,CASCADIA,,0,0,0,Active
281474989296656,1756,3AKJHHDR5RSUX0876,P1128202,FREIGHTLINER,CASCADIA,,0,0,0,Active
281474989358533,1771,3AKJHHDR0RSUX0901,P958938,FREIGHTLINER,CASCADIA,,0,0,0,Active
281474989361340,5010,3AKJHHDR0RSUX0770,,FREIGHTLINER,CASCADIA,,0,0,0,Active
281474989376079,1776,3AKJHHDRXRSUX0906,P1214984,FREIGHTLINER,CASCADIA,,0,0,0,Active
281474989386661,1773,3AKJHHDR4RSUX0903,P1081356,FREIGHTLINER,CASCADIA,,0,0,0,Active
281474989434506,5011,3AKJHHDRXRSUX0887,P1097806,FREIGHTLINER,CASCADIA,,0,0,0,Active
281474989443385,1775,3AKJHHDR8RSUX0905,P1214982,FREIGHTLINER,CASCADIA,,0,0,0,Active
281474989466269,1772,3AKJHHDR2RSUX0902,,FREIGHTLINER,CASCADIA,,0,0,0,Active
281474989468076,1777,3AKJHHDR1RSUX0907,P1214985,FREIGHTLINER,CASCADIA,,0,0,0,Active
281474989469214,1774,3AKJHHDR6RSUX0904,P1135923,FREIGHTLINER,CASCADIA,,0,0,0,Active
281474989593862,1226,3AKJHHDR2MSMR8188,,FREIGHTLINER,CASCADIA,,0,0,0,Active
281474989961683,5013,4V4NC9EH5NN298057,P1237865,VOLVO TRUCK,VNL,,0,0,0,Active
281474990040034,1799,3AKJHHDR1SSVP9499,P1103263,FREIGHTLINER,CASCADIA,,0,0,0,Active
281474990046459,1797,3AKJHHDR8SSVP9497,P961324,FREIGHTLINER,CASCADIA,,0,0,0,Active
281474990050313,1798,3AKJHHDRXSSVP9498,P961325,FREIGHTLINER,CASCADIA,,0,0,0,Active
281474990050617,1813,3AKJHHDR6SSVP9501,P1027165,FREIGHTLINER,CASCADIA,,0,0,0,Active
281474990075833,1806,3AKJHHDR5SSVP9506,P1244400,FREIGHTLINER,CASCADIA,,0,0,0,Active
281474990157298,1804,3AKJHHDR1SSVP9504,P1222790,FREIGHTLINER,CASCADIA,,0,0,0,Active
281474990157615,1816,4V4NC9EH0SN668665,,VOLVO TRUCK,VNL,,0,0,0,Active
281474990159530,1802,3AKJHHDR8SSVP9502,P1135922,FREIGHTLINER,CASCADIA,,0,0,0,Active
281474990219039,1805,3AKJHHDR3SSVP9505,P1075288,FREIGHTLINER,CASCADIA,,0,0,0,Active
281474990223899,1803,3AKJHHDRXSSVP9503,P1135928,FREIGHTLINER,CASCADIA,,0,0,0,Active
281474990245756,1815,4V4NC9EH4SN668667,P1097810,VOLVO TRUCK,VNL,,0,0,0,Active
281474990246018,03 SPRINTER,WD4PF1CD7KP120167,,MERCEDES-BENZ,SPRINTER,,0,0,0,Active
281474990272457,1814,4V4NC9EH9SN668664,P1024696,VOLVO TRUCK,VNL,,0,0,0,Active
281474990287918,1812,3AKJHHDR4SSVP9500,P1044272,FREIGHTLINER,CASCADIA,,0,0,0,Active
281474990288013,5022,4V4NC9EH2SN668666,P1081360,VOLVO TRUCK,VNL,,0,0,0,Active
281474990345582,1822,4V4NC9EH8SN668672,P1081358,VOLVO TRUCK,VNL,,0,0,0,Active
281474990357469,5020,4V4NC9EH4SN668670,,VOLVO TRUCK,VNL,,0,0,0,Active
281474990453261,5015,3AKJGLFG8KDKG7097,VV2990,FREIGHTLINER,CASCADIA,,0,0,0,Active
281474990502104,1819,4V4NC9EH6SN668668,P1079008,VOLVO TRUCK,VNL,,0,0,0,Active
281474990509509,5016,4V4NC9EH7JN888903,P1237868,VOLVO TRUCK,VNL,,0,0,0,Active
281474990518754,1821,4V4NC9EH6SN668671,P1135920,VOLVO TRUCK,VNL,,0,0,0,Active
281474990592714,1824,4V4NC9EH1SN668674,P1097811,VOLVO TRUCK,VNL,,0,0,0,Active
281474990689816,5019,3AKJHHDR8KSKF3405,P1252265,FREIGHTLINER,CASCADIA,,0,0,0,Active
281474990711404,1830,4V4NC9EH0SN668679,P1256215,VOLVO TRUCK,VNL,,0,0,0,Active
281474990719146,1828,4V4NC9EH3SN668675,P1160806,VOLVO TRUCK,VNL,,0,0,0,Active
281474990724724,1827,4V4NC9EH7SN668677,P1167974,VOLVO TRUCK,VNL,,0,0,0,Active
281474990759996,1832,4V4NC9EH9SN668681,P1256217,VOLVO TRUCK,VNL,,0,0,0,Active
281474990787465,1834,4V4NC9EH5SN668676,,VOLVO TRUCK,VNL,,0,0,0,Active
281474990828351,1829,4V4NC9EH9SN668678,P1119711,VOLVO TRUCK,VNL,,0,0,0,Active
281474990830276,1849,3AKJHHDR2SSVW9726,P1119707,FREIGHTLINER,CASCADIA,,0,0,0,Active
281474990860616,1846,3AKJHHDR7SSVW9723,,FREIGHTLINER,CASCADIA,,0,0,0,Active
281474990877326,1847,3AKJHHDR9SSVW9724,P990170,FREIGHTLINER,CASCADIA,,0,0,0,Active
281474990886682,1852,3AKJHHDR8SSVW9729,P1138565,FREIGHTLINER,CASCADIA,,0,0,0,Active
281474990937147,1833,4V4NC9EH0SN668682,P1256218,VOLVO TRUCK,VNL,,0,0,0,Active
281474990980572,1856,3AKJHHDRXSSVW9733,,FREIGHTLINER,CASCADIA,,0,0,0,Active
281474990988506,1857,3AKJHHDR1SSVW9734,P1253239,FREIGHTLINER,CASCADIA,,0,0,0,Active
281474990991435,1866,3AKJHHDR2SSVW9743,P1133071,FREIGHTLINER,CASCADIA,,0,0,0,Active
281474990991900,1859,3AKJHHDR5SSVW9736,P1105416,FREIGHTLINER,CASCADIA,,0,0,0,Active
281474991004603,1864,3AKJHHDR9SSVW9741,P1253240,FREIGHTLINER,CASCADIA,,0,0,0,Active
281474991016344,1836,4V4NC9EH8SN668686,,VOLVO TRUCK,VNL,,0,0,0,Active
281474991017016,1835,4V4NC9EH6SN668685,P1103276,VOLVO TRUCK,VNL,,0,0,0,Active
281474991017785,1838,4V4NC9EH2SN668683,,VOLVO TRUCK,VNL,,0,0,0,Active
281474991030146,1839,4V4NC9EH4SN668684,P1257685,VOLVO TRUCK,VNL,,0,0,0,Active
281474991041780,1837,4V4NC9EHXSN668687,P1257683,VOLVO TRUCK,VNL,,0,0,0,Active
281474991094011,1823,4V4NC9EHXSN668673,P1138574,VOLVO TRUCK,VNL,,0,0,0,Active
281474991094047,1831,4V4NC9EH7SN668680,P1256216,VOLVO TRUCK,VNL,,0,0,0,Active
281474991124856,1848,3AKJHHDR0SSVW9725,P1160808,FREIGHTLINER,CASCADIA,,0,0,0,Active
281474991124972,1861,3AKJHHDR9SSVW9738,,FREIGHTLINER,CASCADIA,,0,0,0,Active
281474991130477,1865,3AKJHHDR0SSVW9742,P1259932,FREIGHTLINER,CASCADIA,,0,0,0,Active
281474991195131,1851,3AKJHHDR6SSVW9728,P949108,FREIGHTLINER,CASCADIA,,0,0,0,Active
281474991220628,1854,3AKJHHDR6SSVW9731,P1259929,FREIGHTLINER,CASCADIA,,0,0,0,Active
281474991222603,1850,3AKJHHDR4SSVW9727,P1138573,FREIGHTLINER,CASCADIA,,0,0,0,Active
281474991389997,1868,3AKJHHDR6SSVW9745,P1208503,FREIGHTLINER,CASCADIA,,0,0,0,Active
281474991390014,1860,3AKJHHDR7SSVW9737,,FREIGHTLINER,CASCADIA,,0,0,0,Active
281474991409165,1880,3AKJHHDR2SSVW9757,P1259939,FREIGHTLINER,CASCADIA,,0,0,0,Active
281474991508575,1373,3AKJHHDR5NSMX1956,P1151046,FREIGHTLINER,CASCADIA,,0,0,0,Active
281474991754991,1818,4V4NC9EH8SN668669,P1180038,VOLVO TRUCK,VNL,,0,0,0,Active
281474991822043,1845,4V4NC9EH1SN682428,P1154580,VOLVO TRUCK,VNL,,0,0,0,Active
281474991832120,1843,4V4NC9EH4SN682424,P1181355,VOLVO TRUCK,VNL,,0,0,0,Active
281474991839849,1842,4V4NC9EH8SN682426,P1105414,VOLVO TRUCK,VNL,,0,0,0,Active
281474991853343,1844,4V4NC9EHXSN682427,P1182747,VOLVO TRUCK,VNL,,0,0,0,Active
281474991875286,1841,4V4NC9EH6SN682425,P1014748,VOLVO TRUCK,VNL,,0,0,0,Active
281474992046121,5025,3AKJHHDR6KSKA9371,,FREIGHTLINER,CASCADIA,,0,0,0,Active
281474992063500,586,3AKJHHDR2MSNA0288,P1090937	,FREIGHTLINER,CASCADIA,,0,0,0,Active
281474992125625,GHWY-24S-U98,,,,,,0,0,0,Active
281474992129722,5031,3AKJHHDR8KSJW9038,P1079838,FREIGHTLINER,CASCADIA,,0,0,0,Active
281474992196788,1840,4V4NC9EH1SN668688,P1033913,VOLVO TRUCK,VNL,,0,0,0,Active
281474992351143,1878,3AKJHHDR9SSVW9755,,FREIGHTLINER,CASCADIA,,0,0,0,Active
281474992372603,1853,3AKJHHDR4SSVW9730,P1268204,FREIGHTLINER,CASCADIA,,0,0,0,Active
281474992387738,1855,3AKJHHDR8SSVW9732,P1268205,FREIGHTLINER,CASCADIA,,0,0,0,Active
281474992387828,1869,3AKJHHDR8SSVW9746,P1268207,FREIGHTLINER,CASCADIA,,0,0,0,Active
281474992388473,1862,3AKJHHDR0SSVW9739,P1268206,FREIGHTLINER,CASCADIA,,0,0,0,Active
281474992486821,1874,3AKJHHDR1SSVW9751,P1268208,FREIGHTLINER,CASCADIA,,0,0,0,Active
281474992542370,5037,3AKJHHDR3MSMN6449,P961321,FREIGHTLINER,CASCADIA,,0,0,0,Active
281474992907320,1377,1XPBDP9X0ND794325,P1014324,PETERBILT,579,,0,0,0,Active
281474993410104,1879,3AKJHHDR0SSVW9756,,FREIGHTLINER,CASCADIA,,0,0,0,Active
281474993571516,1495,3AKJHHDR4PSNL7934,,FREIGHTLINER,CASCADIA,,0,0,0,Active
281474993571568,1497,3AKJHHDRXSSWC1910,,FREIGHTLINER,CASCADIA,,0,0,0,Active
281474993571800,1376,1XPBDP9X9ND794324,,PETERBILT,579,,0,0,0,Active
281474993572165,1505,,,,,,0,0,0,Active
281474993676126,1884,3AKJHHDR0SSWC1883,,FREIGHTLINER,CASCADIA,,0,0,0,Active
281474993698574,1888,3AKJHHDR8SSWC1887,P1172662,FREIGHTLINER,CASCADIA,,0,0,0,Active
281474993710244,1886,3AKJHHDR4SSWC1885,,FREIGHTLINER,CASCADIA,,0,0,0,Active
281474993789370,1375,1XPBDP9X7ND794323,,PETERBILT,579,,0,0,0,Active
281474993886664,1604,1FUJHHDR2PLNV2153,,FREIGHTLINER,CASCADIA,,0,0,0,Active
281474993926738,1581,3AKJHHDRXSSWC1907,,FREIGHTLINER,CASCADIA,,0,0,0,Active
281474993926762,1492,3AKJHHDR9PSNL7895,,FREIGHTLINER,CASCADIA,,0,0,0,Active
281474993996437,1617,3AKJHHDR1SSWC1908,,FREIGHTLINER,CASCADIA,,0,0,0,Active
281474993996538,1627,3AKJHHDR8RSUX0757,,FREIGHTLINER,CASCADIA,,0,0,0,Active
281474994036772,1885,3AKJHHDR2SSWC1884,,FREIGHTLINER,CASCADIA,,0,0,0,Active
281474994167023,1887,3AKJHHDR6SSWC1886,,FREIGHTLINER,CASCADIA,,0,0,0,Active
281474994284148,1597,1FUJHHDR1PLNV2158,,FREIGHTLINER,CASCADIA,,0,0,0,Active
281474994347500,1893,3AKJHHDRXSSWC1891,P1154579,FREIGHTLINER,CASCADIA,,0,0,0,Active
281474994520467,1889,3AKJHHDRXSSWC1888,P1119709,FREIGHTLINER,CASCADIA,,0,0,0,Active
281474994555749,5051,4V4NC9EJ9SN695382,,VOLVO TRUCK,VNL,,0,0,0,Active
281474994556688,5052,3AKJHHDR9KSHU6310,,FREIGHTLINER,CASCADIA,,0,0,0,Active
281474994580333,1894,3AKJHHDR1SSWC1892,P1163144,FREIGHTLINER,CASCADIA,,0,0,0,Active
281474994632020,1890,3AKJHHDR1SSWC1889,,FREIGHTLINER,CASCADIA,,0,0,0,Active
281474994656854,1892,3AKJHHDR8SSWC1890,P1119196,FREIGHTLINER,CASCADIA,,0,0,0,Active
281474994713791,1904,3AKJHHDR0SSWC1902,,FREIGHTLINER,CASCADIA,,0,0,0,Active
281474994727617,1903,3AKJHHDR9SSWC1901,P1103259,FREIGHTLINER,CASCADIA,,0,0,0,Active
281474994743322,1902,3AKJHHDR7SSWC1900,,FREIGHTLINER,CASCADIA,,0,0,0,Active
281474994745701,1899,3AKJHHDR0SSWC1897,P1165937,FREIGHTLINER,CASCADIA,,0,0,0,Active
281474994745726,1896,3AKJHHDR5SSWC1894,P1287191,FREIGHTLINER,CASCADIA,,0,0,0,Active
281474994745896,5060,3AKJHHDR6SSWC1905,P1128205,FREIGHTLINER,CASCADIA,,0,0,0,Active
281474994747356,1895,3AKJHHDR3SSWC1893,P1165944,FREIGHTLINER,CASCADIA,,0,0,0,Active
281474994747894,1900,3AKJHHDR2SSWC1898,P1121740,FREIGHTLINER,CASCADIA,,0,0,0,Active
281474994761589,1909,3AKJHHDR4SSWC1904,,FREIGHTLINER,CASCADIA,,0,0,0,Active
281474994761703,1901,3AKJHHDR4SSWC1899,P1014745,FREIGHTLINER,CASCADIA,,0,0,0,Active
281474994762360,5054,3AKJHHDR9SSWC1896,P1123570,FREIGHTLINER,CASCADIA,,0,0,0,Active
281474994764622,1897,3AKJHHDR7SSWC1895,P1154584,FREIGHTLINER,CASCADIA,,0,0,0,Active
281474994864236,1770,3AKJHHDR9RSUX0900,P1295414,FREIGHTLINER,CASCADIA,,0,0,0,Active
281474994874918,5055,1FUJHHDR4NLMX1894,PWZ9676,FREIGHTLINER,CASCADIA,,0,0,0,Active
281474995214953,1928,3AKJHHDR6TSWK8990,,FREIGHTLINER,CASCADIA,,0,0,0,Active
281474995219725,1923,3AKJHHDR2TSWK8985,,FREIGHTLINER,CASCADIA,,0,0,0,Active
281474995255327,1939,3AKJHHDR5TSWK9001,P1172661,FREIGHTLINER,CASCADIA,,0,0,0,Active
281474995269713,5056,3AKJHHDR9NSMX1796,,FREIGHTLINER,CASCADIA,,0,0,0,Active
281474995287616,1929,3AKJHHDR8TSWK8991,P1154582,FREIGHTLINER,CASCADIA,,0,0,0,Active
281474995291159,1941,3AKJHHDR9TSWK9003,P1172652,FREIGHTLINER,CASCADIA,,0,0,0,Active
281474995292503,1934,3AKJHHDR7TSWK8996,,FREIGHTLINER,CASCADIA,,0,0,0,Active
281474995318207,1930,3AKJHHDRXTSWK8992,P1160812,FREIGHTLINER,CASCADIA,,0,0,0,Active
281474995325784,1938,3AKJHHDR3TSWK9000,P0983784,FREIGHTLINER,CASCADIA,,0,0,0,Active
281474995509217,1932,3AKJHHDR3TSWK8994,P1122772,FREIGHTLINER,CASCADIA,,0,0,0,Active
281474995511723,1937,3AKJHHDR2TSWK8999,,FREIGHTLINER,CASCADIA,,0,0,0,Active
281474995513228,1943,3AKJHHDR0TSWK9004,P996867,FREIGHTLINER,CASCADIA,,0,0,0,Active
281474995518000,1927,3AKJHHDRXTSWK8989,P992712,FREIGHTLINER,CASCADIA,,0,0,0,Active
281474995529251,1931,3AKJHHDR1TSWK8993,,FREIGHTLINER,CASCADIA,,0,0,0,Active
281474995569942,1926,3AKJHHDR8TSWK8988,,FREIGHTLINER,CASCADIA,,0,0,0,Active
281474995573883,1933,3AKJHHDR5TSWK8995,P1014751,FREIGHTLINER,CASCADIA,,0,0,0,Active
281474995598778,1925,3AKJHHDR6TSWK8987,P1030296,FREIGHTLINER,CASCADIA,,0,0,0,Active
281474995608839,1935,3AKJHHDR9TSWK8997,,FREIGHTLINER,CASCADIA,,0,0,0,Active
281474995630496,1956,4V4BC9EH0TN704360,P1138569,VOLVO TRUCK,NEW VNL,,0,0,0,Active
281474995655203,1921,3AKJHHDR9TSWK8983,P1119712,FREIGHTLINER,CASCADIA,,0,0,0,Active
281474995669009,1955,4V4BC9EH1TN704349,,VOLVO TRUCK,NEW VNL,,0,0,0,Active
281474995690782,1431,3AKJHHDR8NSMX1952,,FREIGHTLINER,CASCADIA,,0,0,0,Active
281474995690823,1557,1FUJHHDR3PLNV2114,,FREIGHTLINER,CASCADIA,,0,0,0,Active
281474995728646,1936,3AKJHHDR0TSWK8998,P1121738,FREIGHTLINER,CASCADIA,,0,0,0,Active
281474995737203,1952,4V4BC9EH4TN704359,P1160810,VOLVO TRUCK,NEW VNL,,0,0,0,Active
281474995750884,1924,3AKJHHDR4TSWK8986,P1044274,FREIGHTLINER,CASCADIA,,0,0,0,Active
281474995751794,1946,3AKJHHDR6TSWK9007,P1295419,FREIGHTLINER,CASCADIA,,0,0,0,Active
281474995751814,1940,3AKJHHDR7TSWK9002,P1165943,FREIGHTLINER,CASCADIA,,0,0,0,Active
281474995752609,1950,4V4BC9EH6TN704346,,VOLVO TRUCK,NEW VNL,,0,0,0,Active
281474995752829,1945,3AKJHHDR4TSWK9006,,FREIGHTLINER,CASCADIA,,0,0,0,Active
281474995776652,1951,4V4BC9EH8TN704347,P998971,VOLVO TRUCK,NEW VNL,,0,0,0,Active
281474995802544,1549,3AKJHHDR4PSNV2093,,FREIGHTLINER,CASCADIA,,0,0,0,Active
281474995831854,1616,1FUJHHDR5PLNV2163,,FREIGHTLINER,CASCADIA,,0,0,0,Active
281474995844379,1613,1FUJHHDR4PLNV2154,,FREIGHTLINER,CASCADIA,,0,0,0,Active
281474995894835,1949,4V4BC9EH2TN704358,,VOLVO TRUCK,NEW VNL,,0,0,0,Active
281474995899039,1947,4V4BC9EH4TN704345,P1163696,VOLVO TRUCK,NEW VNL,,0,0,0,Active
281474995910081,1953,4V4BC9EH2TN704344,,VOLVO TRUCK,NEW VNL,,0,0,0,Active
281474996188386,1412,3AKJHHDR2NSNG7474,,FREIGHTLINER,CASCADIA,,0,0,0,Active
281474996188403,1614,1FUJHHDRXPLNV2157,,FREIGHTLINER,CASCADIA,,0,0,0,Active
281474996188421,1448,3AKJHHDRXPSNL7887,,FREIGHTLINER,CASCADIA,,0,0,0,Active
281474996219897,1578,1FUJHHDRXPLNV2143,,FREIGHTLINER,CASCADIA,,0,0,0,Active
281474996251459,5057,1XKYD49X3TJ202008,,KENWORTH,T680,,0,0,0,Active
281474996342568,1965,4V4BC9EH5TN704368,,VOLVO TRUCK,NEW VNL,,0,0,0,Active
281474996348634,1546,3AKJHHDR3PSNV2098,,FREIGHTLINER,CASCADIA,,0,0,0,Active
281474996348648,1612,1FUJHHDR5PLNV2146,,FREIGHTLINER,CASCADIA,,0,0,0,Active
281474996389571,1967,4V4BC9EH3TN704370,,VOLVO TRUCK,NEW VNL,,0,0,0,Active
281474996391390,1966,4V4BC9EH7TN704369,,VOLVO TRUCK,NEW VNL,,0,0,0,Active
281474996392389,1954,4V4BC9EHXTN704348,,VOLVO TRUCK,NEW VNL,,0,0,0,Active
281474996401240,1961,4V4BC9EH8TN704364,P1160807,VOLVO TRUCK,NEW VNL,,0,0,0,Active
281474996405348,5058,4V4NC9EH2LN236225,P1214983,VOLVO TRUCK,VNL,,0,0,0,Active
281474996434756,"Deactivated, Previously paired with gateway GPR4MPDH69",,,,,,0,0,0,Active
281474996457356,1452,3AKJHHDR3PSNL7908,,FREIGHTLINER,CASCADIA,,0,0,0,Active
281474996491378,1540,1FUJHHDR3PLNV2131,,FREIGHTLINER,CASCADIA,,0,0,0,Active
281474996511020,"Deactivated, Previously paired with gateway GHRNDA3662",,,,,,0,0,0,Active
281474996721316,GVVK-2MK-72Y,,,,,,0,0,0,Active
281474996751211,1599,1FUJHHDR6PLNV2141,,FREIGHTLINER,CASCADIA,,0,0,0,Active
281474996768413,1550,3AKJHHDR8PSNV2095,,FREIGHTLINER,CASCADIA,,0,0,0,Active
281474996912306,1564,1FUJHHDR9PLNV2134,,FREIGHTLINER,CASCADIA,,0,0,0,Active
281474996931253,1479,3AKJHHDR5PSNL7926,,FREIGHTLINER,CASCADIA,,0,0,0,Active
281474996933965,1533,4V4NC9EH5PN323848,,VOLVO TRUCK,VNL,,0,0,0,Active
281474996955301,1603,1FUJHHDR6PLNV2138,,FREIGHTLINER,CASCADIA,,0,0,0,Active
281474996966498,1429,3AKJHHDR6NSNB6513,,FREIGHTLINER,CASCADIA,,0,0,0,Active
281474996969140,1982,3AKJHHDR8TSWK9011,,FREIGHTLINER,CASCADIA,,0,0,0,Active
281474996969188,1980,3AKJHHDRXTSWK9009,P1006971,FREIGHTLINER,CASCADIA,,0,0,0,Active
281474996969998,1983,3AKJHHDRXTSWK9012,,FREIGHTLINER,CASCADIA,,0,0,0,Active
281474997006906,1981,3AKJHHDR6TSWK9010,,FREIGHTLINER,CASCADIA,,0,0,0,Active
281474997050650,1975,4V4BC9EH7TN704355,,VOLVO TRUCK,NEW VNL,,0,0,0,Active
281474997068876,1545,1FUJHHDR9PLNV2117,,FREIGHTLINER,CASCADIA,,0,0,0,Active
281474997073562,1978,3AKJHHDR8TSWK9008,,FREIGHTLINER,CASCADIA,,0,0,0,Active
281474997076448,1973,4V4BC9EH3TN704353,,VOLVO TRUCK,NEW VNL,,0,0,0,Active
281474997078512,1632,3AKJHHDR0RSUX0770,,FREIGHTLINER,CASCADIA,,0,0,0,Active
281474997122177,1964,4V4BC9EH3TN704367,,VOLVO TRUCK,NEW VNL,,0,0,0,Active
281474997127736,1960,4V4BC9EH6TN704363,P1163699,VOLVO TRUCK,NEW VNL,,0,0,0,Active
281474997130754,1969,4V4BC9EH8TN704350,,VOLVO TRUCK,NEW VNL,,0,0,0,Active
281474997146202,1974,4V4BC9EH5TN704354,P1183083,VOLVO TRUCK,NEW VNL,,0,0,0,Active
281474997149404,1970,4V4BC9EHXTN704351,P1172640,VOLVO TRUCK,NEW VNL,,0,0,0,Active
281474997155305,1976,4V4BC9EH9TN704356,,VOLVO TRUCK,NEW VNL,,0,0,0,Active
281474997157564,1559,1FUJHHDR7PLNV2116,,FREIGHTLINER,CASCADIA,,0,0,0,Active
281474997272392,1971,4V4BC9EH7TN704372,,VOLVO TRUCK,NEW VNL,,0,0,0,Active
281474997277802,1987,3AKJHHDR7TSWK9016,,FREIGHTLINER,CASCADIA,,0,0,0,Active
281474997297871,1985,3AKJHHDR3TSWK9014,P1033703,FREIGHTLINER,CASCADIA,,0,0,0,Active
281474997315588,"Deactivated, Previously paired with gateway GEJEEVCKGF",,,,,,0,0,0,Active
281474997330539,1988,3AKJHHDR9TSWK9017,,FREIGHTLINER,CASCADIA,,0,0,0,Active
281474997339823,1984,3AKJHHDR1TSWK9013,,FREIGHTLINER,CASCADIA,,0,0,0,Active
281474997369317,1986,3AKJHHDR5TSWK9015,,FREIGHTLINER,CASCADIA,,0,0,0,Active
281474997389348,1977,4V4BC9EH0TN704357,,VOLVO TRUCK,NEW VNL,,0,0,0,Active
281474997516150,5037,3AKJHHDR3MSMN6449,PWW8137,FREIGHTLINER,CASCADIA,,0,0,0,Active
281474997534318,"Deactivated, Previously paired with gateway GH26Y3E6VE",,,,,,0,0,0,Active
281474997534416,1989,3AKJHHDR0TSWK9018,,FREIGHTLINER,CASCADIA,,0,0,0,Active
281474997534863,"Deactivated, Previously paired with gateway GB5HSVJD6G",,,,,,0,0,0,Active
281474997534892,"Deactivated, Previously paired with gateway G9SW942FJM",,,,,,0,0,0,Active
281474997534917,1992,3AKJHHDR2TSWK9022,,FREIGHTLINER,CASCADIA,,0,0,0,Active
281474997535571,1993,3AKJHHDR4TSWK9023,,FREIGHTLINER,CASCADIA,,0,0,0,Active
281474997535687,1990,3AKJHHDR9TSWK9020,,FREIGHTLINER,CASCADIA,,0,0,0,Active
281474997535813,1991,3AKJHHDR0TSWK9021,,FREIGHTLINER,CASCADIA,,0,0,0,Active
281474997680274,2002,3AKJHHDR5TSWK9032,,FREIGHTLINER,CASCADIA,,0,0,0,Active
281474997680884,2001,3AKJHHDR3TSWK9031,,FREIGHTLINER,CASCADIA,,0,0,0,Active
281474997820316,1995,3AKJHHDR8TSWK9025,,FREIGHTLINER,CASCADIA,,0,0,0,Active
281474997820863,2020,3AKJJHDR6TSWS7584,,FREIGHTLINER,CASCADIA,,0,0,0,Active
281474997820945,2005,3AKJHHDRXTSWK9043,,FREIGHTLINER,CASCADIA,,0,0,0,Active
